<?xml version="1.0" encoding="UTF-8"?>
<beans xmlns="http://www.springframework.org/schema/beans"  
    xmlns:xsi="http://www.w3.org/2001/XMLSchema-instance"   
    xmlns:context="http://www.springframework.org/schema/context"  
    xmlns:mvc="http://www.springframework.org/schema/mvc"
    xmlns:tx="http://www.springframework.org/schema/tx"
    xsi:schemaLocation="  
        http://www.springframework.org/schema/beans  
        http://www.springframework.org/schema/beans/spring-beans.xsd  
        http://www.springframework.org/schema/context  
        http://www.springframework.org/schema/context/spring-context.xsd  
        http://www.springframework.org/schema/mvc
        http://www.springframework.org/schema/mvc/spring-mvc.xsd
        http://www.springframework.org/schema/tx
        http://www.springframework.org/schema/tx/spring-tx-3.0.xsd">  
  
    <!-- Provide support for component scanning -->  
    <context:component-scan base-package="com.creditcard.cardcontroller" />  
  
    <!--Provide support for conversion, formatting and validation -->  
    <mvc:annotation-driven/>
    
    <tx:annotation-driven transaction-manager="hibernateTransactionManager"/>
    
	<bean id="myDataSource" class="org.apache.commons.dbcp.BasicDataSource">
	<property name="driverClassName" value="org.hsqldb.jdbcDriver"/>
	<property name="url" value="jdbc:hsqldb:mem://localhost"/>
	<property name="username" value="sa"/>
	<property name="password" value=""/>
	</bean>
	
	<bean id="mysessionFactory" class="org.springframework.orm.hibernate5.LocalSessionFactoryBean">
	<property name="dataSource" ref="myDataSource" />
	<property name="annotatedClasses">
	<list>
	<value>com.creditcard.PanScore</value>
	</list>
	</property>
	<property name="hibernateProperties">
	<props>
	<prop key="hibernate.dialect"> org.hibernate.dialect.HSQLDialect</prop>
	<prop key="hibernate.show_sql">true</prop>
	<prop key="hibernate.hbm2ddl.auto">create</prop>
	</props>
	</property>
	</bean>
	
	<bean id="template" class="org.springframework.orm.hibernate5.HibernateTemplate">
	<property name="sessionFactory" ref="mysessionFactory"></property>
	</bean>
	
	<bean id="d" class="com.creditcard.PanScoreDao">
	<property name="template" ref="template"></property>
	</bean>
  
  	<bean id="hibernateTransactionManager" class="org.springframework.orm.hibernate5.HibernateTransactionManager">
        <property name="sessionFactory" ref="mysessionFactory" />
    </bean>
</beans>